{
    "lda_results": {
        "topics": [
            {
                "topic_id": 1,
                "label": "watch_style",
                "words": [
                    "ez",
                    "ninja",
                    "movies",
                    "watch",
                    "like",
                    "mso",
                    "cd",
                    "world",
                    "style",
                    "don t",
                    "don",
                    "luke",
                    "hot",
                    "ez watch",
                    "mso style"
                ],
                "weights": [
                    1.116620660339975,
                    1.0861230423040373,
                    0.7689240758125584,
                    0.7689240758125584,
                    0.7658381910120448,
                    0.6814231053781095,
                    0.5811609922452616,
                    0.5563925617279644,
                    0.5545248305489224,
                    0.5515436492316387,
                    0.5515436492316387,
                    0.49711752779379087,
                    0.49711752779379087,
                    0.49711752779379087,
                    0.4680433399372017
                ],
                "coherence_scores": [
                    0.5264179858363891,
                    0.5478791572352378,
                    0.5618941794348848,
                    0.6067517230953119,
                    0.543302655154682,
                    0.4950142136232576,
                    0.4846213805287499,
                    0.5136864748947974,
                    0.5686041944965248,
                    0.5002887065344009,
                    0.4721953070132836,
                    0.3235496538030258,
                    0.3420129575170143,
                    0.5564926097615698,
                    0.5001273079709304
                ],
                "topic_quality": 0.5548895023056224,
                "semantic_coherence": 0.49339568435100273
            },
            {
                "topic_id": 0,
                "label": "fear_fear thing",
                "words": [
                    "order",
                    "play tracks surely",
                    "saved random",
                    "saved random play",
                    "fear",
                    "fear thing",
                    "fear thing saved",
                    "play",
                    "bands",
                    "harder",
                    "johnny cash",
                    "johnny",
                    "jimmy cliff time",
                    "jimmy cliff",
                    "jimmy"
                ],
                "weights": [
                    0.6164334216065227,
                    0.5915604464595287,
                    0.5915604464595287,
                    0.5915604464595287,
                    0.5915604464595287,
                    0.5915604464595287,
                    0.5915604464595287,
                    0.5912358630779642,
                    0.538244208127756,
                    0.5324992733475822,
                    0.5324992733475822,
                    0.5324992733475822,
                    0.5324992733475822,
                    0.5324992733475822,
                    0.5324992733475822
                ],
                "coherence_scores": [
                    0.4845431429122442,
                    0.44607227363847957,
                    0.5767118253192268,
                    0.6065452633983387,
                    0.6788392716920253,
                    0.6450366426001441,
                    0.5885164449534301,
                    0.5975940943796739,
                    0.4646611201863726,
                    0.44785900389794153,
                    0.2807998504170801,
                    0.33428288187950406,
                    0.307238221065686,
                    0.29602681932395614,
                    0.30867833478984974
                ],
                "topic_quality": 0.5160188451362169,
                "semantic_coherence": 0.4673020973094577
            }
        ],
        "num_topics": 2,
        "high_quality_topics": [
            {
                "topic_id": 1,
                "label": "watch_style",
                "words": [
                    "ez",
                    "ninja",
                    "movies",
                    "watch",
                    "like",
                    "mso",
                    "cd",
                    "world",
                    "style",
                    "don t",
                    "don",
                    "luke",
                    "hot",
                    "ez watch",
                    "mso style"
                ],
                "weights": [
                    1.116620660339975,
                    1.0861230423040373,
                    0.7689240758125584,
                    0.7689240758125584,
                    0.7658381910120448,
                    0.6814231053781095,
                    0.5811609922452616,
                    0.5563925617279644,
                    0.5545248305489224,
                    0.5515436492316387,
                    0.5515436492316387,
                    0.49711752779379087,
                    0.49711752779379087,
                    0.49711752779379087,
                    0.4680433399372017
                ],
                "coherence_scores": [
                    0.5264179858363891,
                    0.5478791572352378,
                    0.5618941794348848,
                    0.6067517230953119,
                    0.543302655154682,
                    0.4950142136232576,
                    0.4846213805287499,
                    0.5136864748947974,
                    0.5686041944965248,
                    0.5002887065344009,
                    0.4721953070132836,
                    0.3235496538030258,
                    0.3420129575170143,
                    0.5564926097615698,
                    0.5001273079709304
                ],
                "topic_quality": 0.5548895023056224,
                "semantic_coherence": 0.49339568435100273
            },
            {
                "topic_id": 0,
                "label": "fear_fear thing",
                "words": [
                    "order",
                    "play tracks surely",
                    "saved random",
                    "saved random play",
                    "fear",
                    "fear thing",
                    "fear thing saved",
                    "play",
                    "bands",
                    "harder",
                    "johnny cash",
                    "johnny",
                    "jimmy cliff time",
                    "jimmy cliff",
                    "jimmy"
                ],
                "weights": [
                    0.6164334216065227,
                    0.5915604464595287,
                    0.5915604464595287,
                    0.5915604464595287,
                    0.5915604464595287,
                    0.5915604464595287,
                    0.5915604464595287,
                    0.5912358630779642,
                    0.538244208127756,
                    0.5324992733475822,
                    0.5324992733475822,
                    0.5324992733475822,
                    0.5324992733475822,
                    0.5324992733475822,
                    0.5324992733475822
                ],